PropertyID,Locality,Latitude,Longitude,Price,Area,Bedrooms,Bathrooms,PropertyAge,Parking,PropertyType
1,Perungudi,12.965534,80.249544,15046004,1676,1,1,7,Yes,Apartment
2,Anna Nagar,13.085107,80.200631,9851480,680,5,4,0,Yes,Apartment
3,Tambaram,12.928863,80.096805,16460980,1452,5,4,14,No,Apartment
4,Velachery,12.98605,80.223275,13468808,968,2,2,2,No,Apartment
5,Guindy,13.006264,80.223073,44556824,2746,1,2,3,No,Apartment
6,Anna Salai,13.067506,80.25693,8428038,834,3,3,1,Yes,Villa
7,T Nagar,13.03599,80.22904,41921460,3153,3,4,11,Yes,Villa
8,Anna Salai,13.057989,80.25939,40386301,2737,1,1,23,Yes,Apartment
9,Perungudi,12.968101,80.239723,16631950,1878,5,4,24,Yes,Apartment
10,Anna Nagar,13.084177,80.205398,25895440,1420,2,2,20,No,Villa
11,Tambaram,12.934847,80.092767,33685792,2944,5,4,13,No,Villa
12,Chromepet,12.953528,80.143895,14402084,999,1,1,4,Yes,Independent House
13,Sholinganallur,12.906018,80.233272,46484352,2816,4,4,0,Yes,Independent House
14,Porur,13.047638,80.161739,26863950,2330,1,1,5,No,Apartment
15,Medavakkam,12.92815,80.193388,42070042,3167,1,1,16,Yes,Apartment
16,Guindy,13.018982,80.228074,29022496,3003,5,4,10,No,Apartment
17,Pallikaranai,12.94332,80.22326,13275094,787,3,3,7,Yes,Apartment
18,Medavakkam,12.930349,80.191063,40049920,2496,2,2,17,Yes,Villa
19,Tambaram,12.92393,80.094958,30764654,1826,5,4,12,No,Villa
20,Anna Nagar,13.075144,80.214257,32889072,2959,3,2,17,Yes,Independent House
21,Adyar,13.00227,80.257208,8389522,678,2,1,10,Yes,Independent House
22,Medavakkam,12.914787,80.19578,16633855,1545,2,3,25,No,Villa
23,Porur,13.047883,80.148468,45592172,2462,4,4,23,Yes,Independent House
24,T Nagar,13.034604,80.22737,24000800,1568,3,2,6,Yes,Independent House
25,Chromepet,12.961586,80.152921,42822660,2365,2,1,25,Yes,Apartment
26,Anna Nagar,13.093049,80.203393,31043980,2214,2,2,15,No,Apartment
27,Adyar,13.009937,80.257233,40861365,2413,4,4,9,No,Independent House
28,Tambaram,12.916043,80.101684,11076882,789,3,3,18,Yes,Independent House
29,Medavakkam,12.924801,80.196104,8851404,782,5,4,16,Yes,Apartment
30,Tambaram,12.923284,80.101673,26052869,2883,4,3,7,Yes,Independent House
31,Medavakkam,12.920816,80.196034,17232486,1386,3,3,21,No,Apartment
32,OMR,12.919922,80.221465,15741728,847,4,4,0,No,Independent House
33,Tambaram,12.9206,80.098764,16754968,1092,5,4,11,Yes,Apartment
34,Medavakkam,12.915209,80.184741,33470393,2821,3,2,9,Yes,Apartment
35,Medavakkam,12.916972,80.195285,22499368,1704,2,2,19,Yes,Independent House
36,OMR,12.916587,80.220882,24495742,1578,5,4,1,Yes,Independent House
37,Porur,13.039418,80.148737,17962477,1211,2,2,23,No,Independent House
38,Anna Salai,13.051237,80.246893,19739456,2062,2,1,18,Yes,Villa
39,Anna Salai,13.057474,80.250798,12744440,1410,1,1,21,Yes,Independent House
40,Pallikaranai,12.930587,80.22219,13249714,1519,4,4,5,Yes,Villa
41,Guindy,13.017572,80.214949,14535028,1642,4,4,5,Yes,Villa
42,Pallikaranai,12.940201,80.211669,15296600,1800,4,4,25,Yes,Apartment
43,OMR,12.906623,80.220552,31880580,1988,1,1,20,No,Independent House
44,Anna Salai,13.059091,80.254171,50614272,2928,3,3,8,Yes,Apartment
45,Porur,13.042376,80.146534,18435329,2127,4,3,18,Yes,Villa
46,Anna Salai,13.062863,80.252868,27826769,2041,5,4,13,Yes,Independent House
47,Anna Nagar,13.086088,80.203937,27817368,2222,3,3,10,No,Independent House
48,Perungudi,12.968675,80.237777,51065367,3071,4,4,18,No,Villa
49,Tambaram,12.925123,80.105875,27769454,2454,4,4,14,No,Independent House
50,Guindy,13.013856,80.214993,19571776,1712,2,1,16,No,Apartment
51,Tambaram,12.924008,80.107723,7054627,739,2,1,7,No,Independent House
52,Sholinganallur,12.904752,80.235753,46683352,2574,2,3,12,Yes,Apartment
53,Pallikaranai,12.931984,80.220667,23826872,1446,1,2,5,No,Apartment
54,Chromepet,12.9579,80.15404,47425825,2725,2,3,17,No,Villa
55,T Nagar,13.046836,80.240497,16006446,1201,5,4,23,No,Villa
56,OMR,12.914271,80.22469,28274473,3117,5,4,7,No,Villa
57,Porur,13.042328,80.147785,12105348,1116,3,2,4,Yes,Villa
58,T Nagar,13.049897,80.235382,31647393,2253,3,4,1,Yes,Villa
59,Mylapore,13.040669,80.278769,34012667,2503,1,2,0,No,Villa
60,T Nagar,13.03238,80.230423,40622844,2549,5,4,7,No,Villa
61,Perungudi,12.963288,80.232242,43141408,2464,4,4,4,Yes,Villa
62,Perungudi,12.958547,80.240794,34248051,2441,4,4,5,Yes,Villa
63,Porur,13.04318,80.147542,18653492,2276,4,4,8,Yes,Villa
64,Porur,13.044985,80.158927,8329924,714,2,1,24,Yes,Apartment
65,Tambaram,12.930238,80.093356,12399564,1018,2,3,18,Yes,Villa
66,Sholinganallur,12.904547,80.237063,30473792,1824,1,1,3,Yes,Villa
67,T Nagar,13.048806,80.235708,36524475,2975,2,1,22,Yes,Apartment
68,Anna Nagar,13.076379,80.213051,28276012,1972,5,4,17,No,Independent House
69,Adyar,13.010846,80.25621,16270424,982,4,4,13,No,Independent House
70,Mylapore,13.040115,80.271549,45925792,3072,5,4,25,No,Villa
71,Porur,13.040407,80.15408,28640512,1692,2,1,14,Yes,Villa
72,Adyar,13.003507,80.265106,16534208,1294,4,4,15,Yes,Villa
73,Mylapore,13.033372,80.274863,37912228,2666,3,2,6,Yes,Apartment
74,Mylapore,13.028032,80.273536,30190700,2385,4,4,25,Yes,Apartment
75,OMR,12.906616,80.234057,42350296,2488,5,4,17,No,Villa
76,OMR,12.914858,80.239018,14883252,1494,3,3,3,Yes,Villa
77,Mylapore,13.043132,80.270193,24922324,1436,2,2,23,No,Villa
78,OMR,12.900283,80.230683,21571376,1763,1,1,7,No,Apartment
79,OMR,12.902052,80.220245,42858272,2816,1,1,9,Yes,Independent House
80,OMR,12.918821,80.229555,28214144,2354,4,4,10,Yes,Apartment
81,Pallikaranai,12.943223,80.222683,24714416,2564,1,2,2,Yes,Apartment
82,Anna Nagar,13.090815,80.204614,48531610,2835,2,1,24,No,Independent House
83,Medavakkam,12.925321,80.194793,40554708,2363,4,4,9,No,Villa
84,Mylapore,13.026741,80.263176,26422960,3112,1,1,6,No,Independent House
85,Anna Nagar,13.07963,80.214239,17748082,2223,2,1,14,No,Villa
86,Mylapore,13.034491,80.272653,15373280,1506,4,3,8,Yes,Villa
87,Anna Salai,13.065379,80.250984,15602658,842,3,3,1,Yes,Villa
88,OMR,12.918854,80.230009,35563586,2469,4,3,22,No,Independent House
89,Chromepet,12.953674,80.136717,38827720,2999,4,3,1,No,Independent House
90,Tambaram,12.925279,80.098845,26812324,1653,5,4,18,Yes,Apartment
91,OMR,12.908167,80.226421,41005000,3150,2,3,15,Yes,Villa
92,Anna Nagar,13.093904,80.216371,40923780,2236,2,2,22,No,Villa
93,Medavakkam,12.932304,80.190684,8598090,910,1,2,10,No,Villa
94,Medavakkam,12.925353,80.19257,29482334,2242,1,2,1,Yes,Independent House
95,Chromepet,12.959217,80.145894,23794454,1643,1,1,17,Yes,Villa
96,Adyar,12.998564,80.267345,18893432,1198,5,4,9,Yes,Independent House
97,Anna Salai,13.060577,80.245068,12646211,1031,1,2,20,Yes,Villa
98,Pallikaranai,12.945437,80.213865,17668856,1548,4,4,14,Yes,Villa
99,Anna Salai,13.055743,80.239651,26749558,1681,2,1,24,No,Villa
100,Mylapore,13.034638,80.270569,15912468,1158,3,4,14,No,Villa
101,Chromepet,12.942473,80.151094,22479440,1528,3,3,18,No,Apartment
102,Mylapore,13.042907,80.26634,19863617,1173,4,4,15,Yes,Apartment
103,Anna Nagar,13.0832,80.213196,27312144,2704,4,3,14,Yes,Independent House
104,Velachery,12.986135,80.228247,14095025,1635,1,2,10,No,Independent House
105,Pallikaranai,12.939349,80.208395,16515036,1847,5,4,20,No,Independent House
106,Perungudi,12.960874,80.24558,9454320,920,3,3,13,Yes,Independent House
107,Anna Salai,13.057897,80.242511,24675494,1878,1,1,25,Yes,Villa
108,Medavakkam,12.925294,80.187417,18530682,1246,4,4,5,Yes,Independent House
109,Anna Salai,13.063737,80.257578,19285683,1501,5,4,14,No,Villa
110,Chromepet,12.954379,80.144686,11639652,852,3,3,14,No,Independent House
111,OMR,12.907627,80.227179,16859390,1365,4,4,12,No,Apartment
112,OMR,12.918212,80.234903,18440313,2171,3,2,8,Yes,Independent House
113,Pallikaranai,12.930803,80.208713,54417480,3036,3,3,25,No,Apartment
114,Guindy,13.001067,80.217797,45372640,3120,2,1,20,Yes,Villa
115,Velachery,12.971743,80.221988,19925632,1888,1,1,23,No,Apartment
116,Porur,13.044285,80.155867,17847427,1223,5,4,8,No,Villa
117,Anna Nagar,13.075278,80.210831,30311128,2177,2,2,25,No,Apartment
118,Chromepet,12.95103,80.148591,33383520,2944,3,3,12,No,Apartment
119,Medavakkam,12.925885,80.184934,11156408,808,3,3,20,No,Independent House
120,Adyar,12.999413,80.256573,41076569,2567,1,1,3,Yes,Apartment
121,Perungudi,12.95398,80.241487,54892150,2955,5,4,23,Yes,Villa
122,T Nagar,13.048909,80.225687,23964156,2067,3,2,6,No,Villa
123,Perungudi,12.97098,80.248184,8682798,798,3,3,12,No,Apartment
124,Anna Nagar,13.09074,80.204204,7860691,757,2,1,25,No,Apartment
125,Pallikaranai,12.942773,80.21562,30289567,2951,5,4,6,Yes,Villa
126,OMR,12.917329,80.222636,50246460,2762,2,2,8,Yes,Apartment
127,Porur,13.043034,80.157022,6572664,614,2,2,5,No,Apartment
128,Mylapore,13.025781,80.269777,40408236,2386,1,2,24,No,Independent House
129,Sholinganallur,12.907946,80.226425,36518822,2426,1,1,20,Yes,Apartment
130,Anna Nagar,13.076314,80.2056,10024930,851,4,4,2,No,Independent House
131,Perungudi,12.964109,80.233684,34745020,2110,5,4,19,No,Villa
132,Mylapore,13.040148,80.267675,29509983,2311,1,1,14,Yes,Villa
133,Mylapore,13.037336,80.269185,22331000,2298,1,1,10,No,Villa
134,Anna Nagar,13.0762,80.219232,37854570,2318,1,1,3,No,Apartment
135,Medavakkam,12.932268,80.194608,19003344,2232,3,2,11,No,Independent House
136,Porur,13.035202,80.157625,10878459,1183,1,1,21,No,Apartment
137,Anna Nagar,13.091589,80.205449,42511539,2307,3,3,17,Yes,Independent House
138,Velachery,12.980426,80.219216,19642527,1941,3,3,11,Yes,Apartment
139,Velachery,12.975918,80.218601,39783904,2722,1,1,6,No,Villa
140,Mylapore,13.037079,80.265142,7478475,765,3,2,4,Yes,Independent House
141,Perungudi,12.967099,80.233976,33972116,3036,4,4,14,No,Villa
142,T Nagar,13.039705,80.235686,32113148,2979,1,1,15,No,Apartment
143,Adyar,13.003262,80.247655,17614930,1415,2,2,24,Yes,Villa
144,Mylapore,13.040267,80.275824,19430166,1079,4,4,12,Yes,Independent House
145,Anna Nagar,13.086515,80.211568,30333344,2336,4,3,0,No,Apartment
146,Mylapore,13.039626,80.272063,12021115,1021,4,4,12,Yes,Villa
147,Pallikaranai,12.935009,80.205273,40423024,2338,3,2,3,Yes,Villa
148,Pallikaranai,12.939664,80.214312,23883891,1457,3,3,10,Yes,Apartment
149,Tambaram,12.920019,80.09347,31511007,3193,3,3,4,Yes,Apartment
150,Velachery,12.978078,80.229683,51994268,3122,1,1,15,No,Independent House
151,Sholinganallur,12.900378,80.230528,27820042,3119,5,4,10,Yes,Villa
152,Guindy,13.009438,80.211638,30498915,1991,3,2,16,Yes,Villa
153,Pallikaranai,12.938086,80.219536,54160520,3190,3,2,2,No,Villa
154,Anna Salai,13.059913,80.242617,49392592,2891,1,2,20,Yes,Villa
155,Adyar,13.000151,80.252455,36398216,1956,4,3,22,Yes,Independent House
156,Chromepet,12.957089,80.149778,29941880,2040,4,4,11,No,Villa
157,Adyar,13.011175,80.260631,22643200,1900,3,2,3,No,Villa
158,Anna Salai,13.069754,80.25357,25637030,1915,5,4,2,Yes,Villa
159,T Nagar,13.048064,80.237102,23508658,1818,2,1,17,No,Independent House
160,Pallikaranai,12.927365,80.209877,43817888,3196,5,4,21,No,Independent House
161,Tambaram,12.920816,80.105762,12540704,1336,3,4,7,Yes,Apartment
162,Medavakkam,12.915985,80.186217,27908788,1929,5,4,24,Yes,Independent House
163,Mylapore,13.042992,80.271912,28006722,2342,5,4,1,No,Villa
164,Guindy,13.007757,80.229443,29857186,2737,4,4,7,No,Villa
165,Chromepet,12.957625,80.138968,23712894,2114,4,4,16,No,Apartment
166,OMR,12.917023,80.225701,32485640,2070,1,2,17,Yes,Independent House
167,Guindy,13.019328,80.214941,21319780,2390,2,2,16,Yes,Villa
168,Chromepet,12.946316,80.156091,31020374,2249,3,2,1,No,Independent House
169,Porur,13.028966,80.164848,18166170,1855,2,1,3,No,Apartment
170,Chromepet,12.946718,80.152899,18451357,2387,2,3,19,Yes,Apartment
171,Medavakkam,12.915337,80.187369,14493670,1005,5,4,24,No,Apartment
172,Perungudi,12.952329,80.242008,15236074,807,5,4,3,No,Independent House
173,Tambaram,12.923231,80.103287,38733492,2308,2,2,0,No,Apartment
174,Anna Nagar,13.075871,80.207838,14658554,827,5,4,16,Yes,Villa
175,Porur,13.042859,80.159065,23531400,2012,3,2,25,Yes,Villa
176,Guindy,13.01667,80.214002,16250416,1096,5,4,1,No,Independent House
177,Guindy,13.00114,80.214532,47480226,3137,4,4,5,Yes,Apartment
178,Guindy,13.005466,80.225566,28180552,1842,2,1,9,No,Independent House
179,Tambaram,12.930887,80.098739,8234055,745,3,3,20,No,Villa
180,T Nagar,13.039147,80.239646,31362638,1938,4,4,5,No,Independent House
181,OMR,12.906424,80.221601,10812749,873,1,2,13,Yes,Independent House
182,Perungudi,12.959031,80.232547,35410272,2376,3,3,19,No,Apartment
183,Pallikaranai,12.93975,80.210966,31625304,1674,3,4,20,Yes,Apartment
184,Guindy,13.001745,80.22607,11283112,1134,2,1,19,No,Apartment
185,Porur,13.047176,80.15394,42787883,2873,3,4,1,Yes,Independent House
186,Guindy,13.005974,80.22971,48450956,2718,1,1,11,No,Villa
187,Adyar,13.010781,80.251791,31074880,2670,2,3,12,Yes,Villa
188,Sholinganallur,12.894453,80.232167,21221814,1369,3,4,3,Yes,Apartment
189,Anna Nagar,13.089236,80.218646,9307700,815,3,3,17,No,Villa
190,Perungudi,12.956735,80.24158,25421075,2633,2,2,7,Yes,Apartment
191,Porur,13.029515,80.154463,23227168,2464,5,4,25,Yes,Independent House
192,Mylapore,13.036447,80.268699,29156038,2227,4,4,18,Yes,Apartment
193,Perungudi,12.962057,80.249064,17644600,1075,5,4,24,Yes,Apartment
194,Pallikaranai,12.93392,80.222518,19695730,1795,1,1,5,Yes,Villa
195,Anna Salai,13.056456,80.25027,28670240,1576,3,2,6,No,Apartment
196,Medavakkam,12.929405,80.183167,10600174,1251,2,2,21,No,Independent House
197,Adyar,12.997306,80.26528,27183697,1413,5,4,24,No,Independent House
198,Medavakkam,12.914359,80.183798,37979040,2528,3,3,7,No,Villa
199,Chromepet,12.947852,80.150567,24933556,2452,4,4,6,No,Independent House
200,Mylapore,13.025724,80.264535,19079170,1085,3,4,24,No,Independent House
201,Anna Nagar,13.093908,80.217383,19895010,1565,3,4,4,Yes,Apartment
202,T Nagar,13.041765,80.233994,19172510,1891,2,2,18,No,Apartment
203,Chromepet,12.960934,80.140503,10832204,644,3,4,2,No,Independent House
204,Porur,13.028364,80.14865,27379686,1702,1,1,15,No,Villa
205,Velachery,12.980506,80.215093,18751438,2201,3,3,11,Yes,Villa
206,Medavakkam,12.929406,80.195065,26192824,2132,3,2,16,No,Independent House
207,Sholinganallur,12.909779,80.232999,15767494,946,1,1,12,No,Villa
208,Tambaram,12.929172,80.106079,26518510,2598,5,4,1,Yes,Apartment
209,Medavakkam,12.919271,80.190459,53694452,3033,4,4,16,Yes,Villa
210,Sholinganallur,12.896996,80.234215,44115194,2627,3,3,16,No,Independent House
211,Porur,13.028733,80.155992,40549104,2256,3,2,18,No,Independent House
212,Perungudi,12.964581,80.244095,14347640,760,5,4,18,No,Apartment
213,Pallikaranai,12.935821,80.212076,13272020,1542,4,4,1,Yes,Apartment
214,T Nagar,13.045916,80.234074,21892100,2605,2,3,24,No,Independent House
215,Medavakkam,12.931142,80.189447,40762762,2702,3,4,12,No,Apartment
216,Porur,13.032697,80.165958,17396930,1337,3,4,7,No,Independent House
217,OMR,12.918674,80.235908,42799016,2552,3,3,10,No,Villa
218,OMR,12.919092,80.236092,38171292,2898,3,2,21,No,Villa
219,OMR,12.914947,80.22428,10278473,873,1,1,11,No,Independent House
220,Pallikaranai,12.939314,80.215437,27566228,2852,5,4,22,No,Apartment
221,Tambaram,12.921506,80.099448,44057673,3163,1,1,7,Yes,Apartment
222,Perungudi,12.961549,80.235689,42479572,2804,2,1,5,No,Independent House
223,OMR,12.904644,80.234774,53917170,3195,3,3,1,Yes,Independent House
224,Pallikaranai,12.930726,80.21868,34677276,2261,1,1,5,Yes,Villa
225,Pallikaranai,12.936087,80.216526,8345594,587,3,2,9,Yes,Villa
226,Medavakkam,12.919514,80.197222,25129675,2615,4,4,14,No,Apartment
227,Perungudi,12.965488,80.235563,11395314,607,3,3,23,No,Villa
228,Sholinganallur,12.892908,80.237534,49786900,2660,4,4,10,Yes,Villa
229,Chromepet,12.956675,80.155281,9762063,577,3,3,8,No,Apartment
230,OMR,12.901242,80.222364,20121891,1621,5,4,20,No,Independent House
231,OMR,12.912774,80.238813,24271184,2608,2,3,22,No,Independent House
232,Porur,13.043155,80.158615,23414938,1447,5,4,4,No,Apartment
233,T Nagar,13.049263,80.225337,48609511,2751,5,4,25,Yes,Apartment
234,Chromepet,12.959658,80.140243,16379668,869,5,4,18,Yes,Apartment
235,Medavakkam,12.927238,80.192377,20620945,1893,2,2,16,No,Apartment
236,Anna Salai,13.059536,80.240755,13227262,777,5,4,14,Yes,Independent House
237,Chromepet,12.953166,80.137106,24447470,2171,3,2,8,Yes,Independent House
238,Porur,13.0318,80.149209,11896736,832,1,1,15,Yes,Villa
239,Perungudi,12.965655,80.244936,19592424,2116,4,4,14,No,Villa
240,Medavakkam,12.927457,80.187054,10404010,1035,2,2,5,No,Independent House
241,Adyar,13.013167,80.25245,32821444,2446,1,1,21,No,Independent House
242,Porur,13.036585,80.161821,24552752,1322,2,2,23,Yes,Apartment
243,Anna Salai,13.059329,80.25304,11024700,1394,1,1,2,Yes,Independent House
244,Pallikaranai,12.931345,80.220975,12081233,731,1,1,12,No,Apartment
245,Adyar,13.012151,80.263868,26345164,1509,2,2,23,No,Independent House
246,Tambaram,12.916119,80.10897,32398980,2685,3,3,7,No,Villa
247,Anna Salai,13.063827,80.255316,50568040,2826,2,3,15,Yes,Villa
248,Porur,13.03767,80.163487,20358893,1161,4,4,9,No,Apartment
249,OMR,12.9106,80.227768,13678180,786,2,3,17,No,Villa
250,OMR,12.910713,80.236588,28227772,3198,2,2,2,No,Villa
251,Adyar,13.012793,80.259252,32018214,3027,3,4,19,Yes,Apartment
252,Perungudi,12.956236,80.2355,20721763,2513,5,4,6,No,Villa
253,Mylapore,13.034642,80.27521,17351103,1543,1,2,22,Yes,Villa
254,T Nagar,13.04112,80.239756,29461511,1813,4,4,8,No,Independent House
255,Mylapore,13.03485,80.264125,12709118,1382,4,4,11,No,Villa
256,Velachery,12.973024,80.2158,27243552,2816,1,1,18,No,Villa
257,Sholinganallur,12.91033,80.230734,43089025,2805,2,3,20,No,Villa
258,Chromepet,12.951366,80.154538,33780368,1992,4,4,5,Yes,Independent House
259,Medavakkam,12.91565,80.195214,12247624,854,1,1,21,Yes,Apartment
260,Anna Nagar,13.087357,80.213435,12545550,1445,2,1,16,No,Villa
261,Sholinganallur,12.901588,80.223395,6466236,614,4,4,0,No,Apartment
262,OMR,12.904819,80.232396,12619676,1284,1,2,3,Yes,Independent House
263,OMR,12.9113,80.239805,33081000,2175,3,3,2,No,Villa
264,Tambaram,12.925954,80.091122,10448541,679,3,2,2,No,Villa
265,Adyar,13.014596,80.265883,23235514,2597,2,1,13,No,Independent House
266,Tambaram,12.932886,80.10127,20244380,1660,2,3,1,Yes,Independent House
267,Adyar,13.015277,80.253486,9304350,614,2,2,6,Yes,Independent House
268,Sholinganallur,12.90681,80.231686,26683088,2764,2,3,10,No,Independent House
269,Anna Nagar,13.081812,80.21548,8840405,769,5,4,3,No,Apartment
270,Sholinganallur,12.895563,80.228961,12090498,671,4,4,20,No,Villa
271,T Nagar,13.037708,80.228629,52531115,2949,4,4,21,No,Apartment
272,Anna Nagar,13.081334,80.202231,16305323,1181,1,1,12,Yes,Independent House
273,Adyar,12.998446,80.25612,20060080,2024,3,4,24,No,Apartment
274,Medavakkam,12.914761,80.194561,18145840,973,5,4,0,Yes,Villa
275,Porur,13.046304,80.166063,30211415,1745,4,3,13,No,Apartment
276,Sholinganallur,12.896368,80.220819,27666697,2109,5,4,5,Yes,Villa
277,Velachery,12.974134,80.216132,31370984,2274,4,4,9,No,Apartment
278,Perungudi,12.970976,80.238344,19241750,2425,4,4,3,Yes,Villa
279,Sholinganallur,12.893722,80.224313,41384514,2353,4,4,10,No,Independent House
280,Mylapore,13.038297,80.272358,22618900,1836,2,3,5,No,Villa
281,Sholinganallur,12.909641,80.221896,19527850,2090,2,2,8,No,Villa
282,Medavakkam,12.929526,80.183983,29726120,2440,2,1,22,Yes,Villa
283,Pallikaranai,12.940173,80.218005,14475680,1120,4,4,20,No,Apartment
284,Guindy,13.011087,80.22897,34409174,2389,4,3,19,No,Independent House
285,Pallikaranai,12.940152,80.2108,24377474,2022,4,3,22,Yes,Apartment
286,Perungudi,12.954119,80.233672,42632512,2856,5,4,20,No,Villa
287,Tambaram,12.928709,80.093015,42027125,2375,5,4,11,No,Villa
288,Adyar,13.003667,80.254361,18404960,1760,4,3,13,Yes,Apartment
289,Guindy,13.006778,80.216505,29478112,1976,2,3,15,Yes,Villa
290,Guindy,13.018998,80.22531,19447860,1955,1,1,20,Yes,Independent House
291,Medavakkam,12.928855,80.195195,21570190,1905,2,2,17,No,Villa
292,Velachery,12.977691,80.211289,13173638,669,4,4,23,Yes,Villa
293,Tambaram,12.922216,80.093941,9110778,806,2,2,18,Yes,Independent House
294,Anna Nagar,13.087226,80.21184,37737937,2711,3,4,20,No,Independent House
295,Porur,13.029895,80.149179,52807182,3078,3,4,5,No,Independent House
296,Anna Nagar,13.085216,80.208465,10586164,1029,2,2,5,No,Independent House
297,Velachery,12.982969,80.224105,38564728,2282,5,4,5,No,Independent House
298,Velachery,12.98594,80.223588,33553470,2555,5,4,9,Yes,Apartment
299,Pallikaranai,12.937109,80.213599,42550800,2534,3,2,4,Yes,Villa
300,Perungudi,12.952617,80.246921,40510784,2368,4,4,15,Yes,Apartment
301,OMR,12.911313,80.235451,21803240,1470,1,1,17,No,Apartment
302,Chromepet,12.952441,80.151336,40163950,2895,5,4,3,No,Independent House
303,Guindy,13.009395,80.217472,19246648,2291,4,4,3,Yes,Villa
304,Pallikaranai,12.940783,80.220921,17630960,1030,1,2,24,Yes,Apartment
305,Sholinganallur,12.902401,80.228546,26497956,3073,4,4,4,Yes,Apartment
306,Sholinganallur,12.896347,80.23506,33218125,1875,5,4,22,No,Villa
307,Anna Salai,13.064429,80.242254,20789330,2235,1,1,1,No,Independent House
308,Velachery,12.974474,80.219485,38965038,2158,3,3,15,Yes,Independent House
309,Chromepet,12.950694,80.145961,29201200,2200,1,1,16,No,Independent House
310,Sholinganallur,12.898954,80.237263,38739812,2427,1,1,20,No,Apartment
311,Pallikaranai,12.938559,80.215023,27329583,1649,2,3,10,No,Villa
312,Chromepet,12.960189,80.13936,8167830,738,3,2,3,No,Apartment
313,Chromepet,12.94478,80.154855,16960210,1378,1,2,22,Yes,Independent House
314,OMR,12.903311,80.227927,28268825,1575,1,1,2,No,Independent House
315,OMR,12.909536,80.222654,10687808,923,2,3,22,Yes,Apartment
316,Tambaram,12.928781,80.099554,10684372,588,5,4,0,No,Apartment
317,Tambaram,12.917643,80.105469,13533038,969,4,3,3,No,Villa
318,Guindy,13.003682,80.217524,15648670,830,2,2,16,Yes,Independent House
319,Tambaram,12.932832,80.0928,26874660,3073,2,3,21,No,Apartment
320,Anna Nagar,13.080539,80.201785,24496351,1989,5,4,13,No,Apartment
321,Medavakkam,12.925039,80.186373,12702638,659,5,4,21,No,Apartment
322,T Nagar,13.041792,80.235579,18251970,1530,3,2,15,No,Apartment
323,Medavakkam,12.920208,80.196259,26150170,1846,1,1,4,No,Independent House
324,Guindy,13.004715,80.228952,8980310,618,4,3,18,Yes,Apartment
325,Guindy,13.002049,80.221231,44455160,3124,4,4,22,No,Villa
326,Sholinganallur,12.910486,80.221008,10213468,892,2,2,9,Yes,Independent House
327,Porur,13.029358,80.148224,21854380,1820,4,3,22,No,Independent House
328,T Nagar,13.046634,80.238513,55260041,3057,1,2,19,Yes,Villa
329,Anna Nagar,13.085344,80.21655,9778528,596,1,1,5,No,Villa
330,OMR,12.915429,80.220587,10550446,1069,2,2,23,No,Independent House
331,Guindy,13.012951,80.220423,46324665,2695,4,4,2,No,Independent House
332,Medavakkam,12.918002,80.184658,26361892,2596,3,2,18,Yes,Villa
333,Sholinganallur,12.89192,80.22518,29489804,2634,1,1,0,Yes,Apartment
334,Anna Salai,13.055365,80.257917,9516768,694,2,2,17,No,Apartment
335,Porur,13.031787,80.162587,24229042,2891,3,2,11,Yes,Independent House
336,Adyar,13.007762,80.247659,22658825,2455,4,3,9,No,Villa
337,Tambaram,12.934337,80.109956,53251400,3100,3,3,7,No,Villa
338,Guindy,13.011231,80.223219,13612622,1166,2,2,0,No,Apartment
339,Mylapore,13.025679,80.270296,7181090,555,1,1,24,No,Independent House
340,Tambaram,12.933325,80.107946,8136605,795,4,4,4,No,Apartment
341,Medavakkam,12.923009,80.195344,22787255,2427,4,4,23,Yes,Independent House
342,T Nagar,13.03702,80.23,27954518,2331,1,1,21,Yes,Apartment
343,Guindy,13.019271,80.213222,17228996,1852,4,4,14,No,Apartment
344,Guindy,13.006681,80.212915,19857110,1186,5,4,3,Yes,Villa
345,Porur,13.031352,80.160221,16367572,1812,2,3,14,No,Apartment
346,Pallikaranai,12.946368,80.211625,18324380,1430,5,4,10,Yes,Apartment
347,Adyar,13.011662,80.252497,21828296,1262,3,3,0,No,Villa
348,Chromepet,12.945563,80.144212,10070627,1047,1,1,0,Yes,Apartment
349,Perungudi,12.960869,80.234276,15568631,857,1,1,0,Yes,Apartment
350,Anna Salai,13.059063,80.254089,13375048,724,3,2,14,Yes,Apartment
351,Chromepet,12.9471,80.14512,23621602,2297,1,2,5,No,Apartment
352,Velachery,12.97032,80.216796,26602784,1758,1,1,15,No,Independent House
353,Velachery,12.984997,80.230988,52616074,3182,4,4,25,Yes,Independent House
354,Guindy,13.010448,80.218268,46722260,2780,3,4,25,No,Villa
355,Velachery,12.985273,80.220634,24337205,2995,1,1,7,Yes,Villa
356,Porur,13.033531,80.162826,15674053,1203,5,4,3,Yes,Independent House
357,Anna Salai,13.053922,80.25145,29132168,2908,1,1,25,No,Villa
358,Guindy,13.017134,80.226708,21567160,1990,3,2,18,Yes,Independent House
359,Chromepet,12.946252,80.140576,12550480,1269,5,4,15,Yes,Apartment
360,Medavakkam,12.927239,80.200976,26006456,1908,4,3,19,Yes,Apartment
361,Pallikaranai,12.944213,80.222911,11482458,639,3,2,4,Yes,Apartment
362,Porur,13.042847,80.155237,20470240,1928,4,3,9,No,Apartment
363,Perungudi,12.963779,80.235207,24612752,1263,4,4,22,No,Apartment
364,OMR,12.907832,80.239886,22423645,1277,3,3,23,Yes,Independent House
365,Sholinganallur,12.893082,80.227824,49571505,3017,1,1,10,Yes,Independent House
366,Porur,13.044633,80.1599,17152410,1970,1,1,10,Yes,Independent House
367,Mylapore,13.03061,80.27544,6333560,596,3,4,8,Yes,Apartment
368,Mylapore,13.033462,80.267274,29857790,2130,1,1,14,No,Apartment
369,Medavakkam,12.914374,80.199515,38169609,2513,4,3,25,Yes,Apartment
370,OMR,12.917759,80.223218,16345153,1619,1,1,3,Yes,Villa
371,Anna Nagar,13.083626,80.213173,17018538,1934,5,4,19,No,Independent House
372,Sholinganallur,12.899186,80.228982,9776128,769,4,4,3,No,Apartment
373,Anna Salai,13.058258,80.250593,15805539,1703,5,4,9,Yes,Apartment
374,Chromepet,12.958078,80.148702,24969275,2027,2,1,0,No,Apartment
375,Chromepet,12.961141,80.145671,8716555,655,2,1,6,Yes,Independent House
376,Anna Nagar,13.085883,80.203798,44904648,2478,3,4,15,No,Apartment
377,Anna Salai,13.059701,80.244125,20664056,1314,4,4,14,Yes,Villa
378,OMR,12.906876,80.230829,23478874,1169,5,4,24,Yes,Apartment
379,Guindy,13.019713,80.224241,41537986,2817,5,4,1,No,Independent House
380,Anna Salai,13.060442,80.257609,20920000,2500,4,4,9,Yes,Villa
381,Guindy,13.019843,80.226669,12646996,1042,5,4,24,No,Apartment
382,Velachery,12.972058,80.223101,15530120,870,1,2,21,No,Apartment
383,Porur,13.045332,80.156894,26901677,2139,1,1,17,No,Independent House
384,Anna Salai,13.062159,80.254768,16945830,1010,1,2,13,Yes,Apartment
385,Anna Nagar,13.082661,80.209812,19993767,1721,1,1,17,No,Villa
386,Sholinganallur,12.903173,80.231773,23496895,1255,4,3,8,No,Apartment
387,Adyar,12.997105,80.263848,21954346,1523,4,4,1,No,Villa
388,OMR,12.90601,80.234874,25082163,2563,3,3,22,Yes,Apartment
389,Guindy,13.004628,80.226979,33632909,2257,3,3,19,Yes,Apartment
390,Mylapore,13.037791,80.267768,11435660,780,4,4,16,Yes,Apartment
391,Guindy,13.001061,80.211511,16480707,1261,5,4,6,Yes,Apartment
392,Porur,13.041823,80.151339,19581682,2058,2,2,14,No,Independent House
393,Chromepet,12.958353,80.141373,14860083,1277,5,4,15,No,Villa
394,Pallikaranai,12.942597,80.207986,11340250,662,1,1,12,Yes,Apartment
395,Tambaram,12.932193,80.109343,13105856,1652,2,2,20,No,Independent House
396,Perungudi,12.956475,80.243867,8287558,1091,1,2,20,Yes,Independent House
397,OMR,12.909334,80.233544,23622900,2092,3,4,11,No,Villa
398,Pallikaranai,12.94633,80.220488,55056288,2944,5,4,3,Yes,Independent House
399,Medavakkam,12.919626,80.18813,16755740,1772,5,4,21,Yes,Villa
400,Porur,13.046194,80.162609,20891301,1773,3,3,6,Yes,Independent House
401,Guindy,13.013508,80.230449,16288203,1859,5,4,21,Yes,Independent House
402,OMR,12.91632,80.226863,37036080,2140,4,4,23,Yes,Independent House
403,Mylapore,13.04113,80.263323,36867932,2018,2,3,16,No,Apartment
404,Anna Nagar,13.088089,80.204545,22110891,1609,4,4,23,Yes,Independent House
405,Tambaram,12.924175,80.092356,24035019,1907,3,4,11,No,Independent House
406,Adyar,13.007297,80.255762,35420452,2484,5,4,6,Yes,Independent House
407,Pallikaranai,12.929864,80.220948,20859520,1370,2,2,10,No,Independent House
408,Velachery,12.97026,80.220241,33759240,1912,1,2,20,Yes,Villa
409,Tambaram,12.923574,80.098588,44606185,2555,2,2,25,Yes,Apartment
410,T Nagar,13.050801,80.24154,9460728,569,4,4,1,Yes,Independent House
411,Guindy,13.004925,80.22804,9400348,623,5,4,21,Yes,Independent House
412,OMR,12.916477,80.225964,18114349,2121,2,1,16,No,Apartment
413,OMR,12.907185,80.223769,36962106,2326,4,4,21,Yes,Villa
414,Anna Salai,13.062194,80.24298,12928115,1485,4,3,7,Yes,Apartment
415,Porur,13.041439,80.159571,25194020,3172,1,2,8,Yes,Independent House
416,Adyar,13.001755,80.261537,36535262,2257,1,1,14,No,Apartment
417,Tambaram,12.9203,80.102113,35786052,2273,1,1,21,Yes,Independent House
418,Velachery,12.984795,80.221155,25453215,2645,4,3,23,Yes,Villa
419,Sholinganallur,12.896907,80.218688,37915396,2692,2,2,6,No,Independent House
420,Chromepet,12.959738,80.152905,17104032,1904,2,3,7,Yes,Apartment
421,Perungudi,12.970096,80.244587,9948962,918,4,4,24,Yes,Independent House
422,Chromepet,12.958645,80.143404,20240346,2451,3,3,1,Yes,Apartment
423,Perungudi,12.965267,80.23511,10989408,1024,3,4,3,Yes,Apartment
424,Porur,13.036216,80.165746,10244450,930,4,4,11,No,Apartment
425,OMR,12.913923,80.221173,22882367,2277,4,4,20,Yes,Apartment
426,Pallikaranai,12.930625,80.211295,32957212,2254,2,1,18,No,Independent House
427,Porur,13.037014,80.147767,17405730,1085,5,4,15,No,Apartment
428,Perungudi,12.962382,80.245465,35350858,2699,3,2,24,Yes,Independent House
429,Sholinganallur,12.898698,80.234681,27952544,1568,1,2,15,No,Independent House
430,Medavakkam,12.929937,80.199988,11268736,597,5,4,20,Yes,Independent House
431,Anna Nagar,13.079454,80.212966,25508480,1536,4,4,10,No,Apartment
432,T Nagar,13.040741,80.226074,37853380,2430,2,1,14,No,Apartment
433,Chromepet,12.941603,80.138018,35723192,2202,1,1,13,Yes,Independent House
434,Sholinganallur,12.910007,80.225167,40595568,2632,5,4,17,Yes,Independent House
435,Adyar,13.003966,80.256551,34917203,1909,2,3,17,No,Independent House
436,Anna Nagar,13.082478,80.202226,31295296,1948,2,1,11,No,Independent House
437,Anna Salai,13.062617,80.243351,13561750,1125,2,3,22,No,Apartment
438,Anna Salai,13.052555,80.247889,32362192,2422,4,4,25,Yes,Independent House
439,Anna Salai,13.061007,80.240571,19435045,2395,5,4,14,Yes,Villa
440,Anna Salai,13.053873,80.255905,45372728,2632,4,4,24,Yes,Independent House
441,Anna Nagar,13.080472,80.219372,30929138,2614,4,4,12,No,Independent House
442,OMR,12.917214,80.234237,19812125,1115,4,4,13,No,Independent House
443,Anna Salai,13.068824,80.242253,19865404,1372,5,4,6,No,Independent House
444,Mylapore,13.035256,80.278553,16197140,1022,2,2,24,No,Independent House
445,Mylapore,13.024105,80.262607,21936320,2280,4,4,25,Yes,Independent House
446,Perungudi,12.954929,80.232941,18745515,1643,1,1,24,Yes,Villa
447,Guindy,13.012722,80.224011,25506114,2766,3,3,1,No,Villa
448,Medavakkam,12.91384,80.190232,28241901,1523,2,3,16,No,Independent House
449,T Nagar,13.049177,80.240909,11851701,603,3,2,23,No,Apartment
450,Chromepet,12.947484,80.139749,31103200,2960,2,2,17,Yes,Independent House
451,Perungudi,12.96057,80.242832,10165565,1261,1,1,23,Yes,Villa
452,Velachery,12.969899,80.229773,6464128,573,2,2,10,No,Independent House
453,Sholinganallur,12.901508,80.23704,31737713,2559,1,1,25,No,Apartment
454,Medavakkam,12.917324,80.186867,29167172,2253,1,1,17,No,Apartment
455,Porur,13.028376,80.159879,32401776,1752,3,3,6,No,Independent House
456,Chromepet,12.949318,80.147005,7315041,713,2,2,21,No,Villa
457,OMR,12.905929,80.233031,20999008,2656,1,1,25,No,Villa
458,Porur,13.032416,80.15909,10111896,943,5,4,5,Yes,Independent House
459,Tambaram,12.929838,80.093075,13387952,1392,4,3,17,No,Independent House
460,Chromepet,12.952762,80.147699,11603316,908,3,2,2,Yes,Apartment
461,Tambaram,12.915238,80.103466,27559437,2139,3,4,14,No,Villa
462,Medavakkam,12.915023,80.198338,45421624,2948,1,1,1,Yes,Villa
463,OMR,12.916442,80.220616,25444519,1703,5,4,24,No,Villa
464,Velachery,12.988303,80.214082,15609856,1108,5,4,23,No,Independent House
465,Perungudi,12.952101,80.243633,23145828,2817,3,2,17,Yes,Apartment
466,Medavakkam,12.931013,80.199629,27240480,1798,5,4,6,No,Apartment
467,Velachery,12.972727,80.227193,13907158,1454,2,2,19,No,Apartment
468,Pallikaranai,12.932014,80.207648,26348570,3190,1,2,17,Yes,Villa
469,Sholinganallur,12.90339,80.235902,25482052,2012,4,4,4,Yes,Apartment
470,Porur,13.031248,80.157837,33385474,1894,4,4,19,No,Independent House
471,Guindy,13.014644,80.223317,14679960,1240,3,4,0,No,Apartment
472,OMR,12.915495,80.229739,26069316,1908,3,3,15,No,Villa
473,Anna Nagar,13.076529,80.201608,30334934,1699,2,1,4,Yes,Villa
474,Adyar,13.014826,80.258532,33252505,2933,5,4,18,No,Independent House
475,Medavakkam,12.927565,80.18842,21792280,1158,5,4,11,No,Apartment
476,Chromepet,12.95856,80.152331,26235775,2175,5,4,11,Yes,Independent House
477,Sholinganallur,12.904188,80.237255,39673790,2377,2,2,5,Yes,Independent House
478,Mylapore,13.028887,80.26438,7740735,715,4,4,7,No,Apartment
479,Perungudi,12.971612,80.238181,17369767,2139,2,2,15,No,Apartment
480,Mylapore,13.03117,80.271454,31330252,1628,5,4,18,Yes,Villa
481,Anna Salai,13.060137,80.249242,26957423,2091,1,1,7,No,Villa
482,Sholinganallur,12.90387,80.22213,36775930,2351,1,1,5,Yes,Apartment
483,Velachery,12.977392,80.217804,33480595,3015,2,2,22,Yes,Independent House
484,Anna Nagar,13.075449,80.200963,36494784,2512,4,4,6,Yes,Independent House
485,Sholinganallur,12.892118,80.223065,12856006,1101,5,4,20,Yes,Independent House
486,Velachery,12.985526,80.230145,56097368,3004,5,4,18,Yes,Independent House
487,Tambaram,12.917754,80.101653,44480568,2522,4,4,5,Yes,Villa
488,Guindy,13.012212,80.215096,21731428,1236,2,2,23,No,Villa
489,T Nagar,13.033726,80.233217,11439640,617,2,1,6,No,Apartment
490,Sholinganallur,12.904188,80.23594,43120126,2726,5,4,16,Yes,Apartment
491,Medavakkam,12.921479,80.201368,42647840,2688,1,2,13,No,Apartment
492,Chromepet,12.94669,80.151517,29229666,2962,4,4,25,Yes,Villa
493,Anna Salai,13.050509,80.254473,30788000,3000,1,1,17,No,Villa
494,Adyar,13.010455,80.253818,30257470,2678,5,4,0,No,Independent House
495,Porur,13.036671,80.153813,36721985,2295,1,1,20,No,Villa
496,OMR,12.911182,80.229675,31291730,2242,4,4,17,No,Apartment
497,OMR,12.914956,80.228932,22013180,2180,5,4,23,Yes,Independent House
498,Mylapore,13.035881,80.273391,23876560,1428,2,1,16,No,Villa
499,Adyar,13.015217,80.256208,47448958,3154,2,3,0,Yes,Apartment
500,Anna Nagar,13.093614,80.208113,28996128,2068,3,3,2,Yes,Independent House
501,Perungudi,12.960779,80.235734,47751703,2997,5,4,1,Yes,Independent House
502,Perungudi,12.96548,80.238895,15668272,1347,5,4,1,Yes,Independent House
503,Perungudi,12.959903,80.243422,16763755,905,1,1,8,No,Villa
504,Medavakkam,12.9312,80.189562,15351040,919,1,1,17,No,Independent House
505,Pallikaranai,12.927093,80.207201,51298827,3033,3,3,6,No,Villa
506,Medavakkam,12.932034,80.200122,40717490,2610,1,1,9,No,Apartment
507,Pallikaranai,12.946225,80.212877,32191095,2363,5,4,12,No,Apartment
508,Chromepet,12.954273,80.156084,35990956,2524,5,4,3,No,Apartment
509,Perungudi,12.956965,80.23356,26332046,2239,2,2,11,Yes,Independent House
510,Perungudi,12.956371,80.243174,37586232,2821,3,2,5,No,Villa
511,Velachery,12.973684,80.227899,15199029,1367,2,3,7,Yes,Villa
512,Pallikaranai,12.940516,80.216968,12342580,1188,5,4,24,Yes,Apartment
513,Sholinganallur,12.908375,80.227716,41940300,2525,1,1,11,No,Villa
514,Guindy,13.016385,80.220066,36520727,2179,5,4,7,Yes,Apartment
515,Medavakkam,12.926865,80.191801,19897464,2162,1,1,21,Yes,Villa
516,Mylapore,13.035856,80.264894,18761612,1413,1,1,12,Yes,Villa
517,Medavakkam,12.922875,80.186811,18051489,1653,3,3,15,No,Villa
518,Mylapore,13.026223,80.271218,37330590,2190,3,3,8,No,Apartment
519,Tambaram,12.917817,80.109183,15971180,1515,1,1,17,No,Villa
520,Velachery,12.97944,80.225611,24063636,1273,4,3,13,No,Apartment
521,Guindy,13.014211,80.211701,15595317,1577,4,4,17,Yes,Villa
522,Pallikaranai,12.932195,80.210906,40559307,3129,3,4,3,No,Independent House
523,Medavakkam,12.916879,80.194118,12177151,631,3,3,13,Yes,Villa
524,Perungudi,12.96175,80.246431,28847545,1715,5,4,11,No,Independent House
525,Anna Salai,13.067765,80.252412,29209499,3063,1,2,9,No,Independent House
526,Anna Salai,13.05364,80.244164,27507960,3135,3,4,19,No,Apartment
527,Porur,13.043819,80.165275,44781381,3029,3,3,20,No,Villa
528,Mylapore,13.038155,80.27294,22812760,2245,5,4,5,Yes,Apartment
529,Mylapore,13.042336,80.269164,10419485,1233,1,1,12,Yes,Apartment
530,Adyar,13.009062,80.249186,30964800,2696,1,2,24,Yes,Apartment
531,Anna Salai,13.052928,80.250135,27706096,1489,4,4,7,No,Villa
532,Velachery,12.987797,80.222171,32386416,2011,1,1,10,No,Villa
533,Velachery,12.986646,80.2199,54228490,2970,5,4,19,No,Independent House
534,Perungudi,12.958157,80.239944,30579308,1972,5,4,15,Yes,Apartment
535,Velachery,12.978484,80.211366,7933900,550,3,2,16,Yes,Villa
536,Anna Salai,13.055024,80.239744,31819837,1777,4,4,0,No,Villa
537,Porur,13.042499,80.15942,28535050,2846,2,3,13,No,Apartment
538,Pallikaranai,12.937332,80.219699,19773348,1627,4,4,2,No,Independent House
539,Sholinganallur,12.90807,80.221548,28998240,2728,3,3,25,No,Villa
540,OMR,12.90984,80.226413,53485240,3080,1,2,14,No,Independent House
541,Velachery,12.983404,80.225742,12361928,1311,1,1,3,No,Villa
542,Tambaram,12.921132,80.105989,8969850,610,1,1,15,Yes,Villa
543,Porur,13.043713,80.147928,23618132,1902,4,3,2,Yes,Apartment
544,Chromepet,12.949296,80.155699,18436772,1574,2,2,12,Yes,Apartment
545,Tambaram,12.934542,80.099457,44149107,2437,1,1,23,Yes,Independent House
546,Perungudi,12.962419,80.236766,20688796,1199,3,3,20,Yes,Independent House
547,Perungudi,12.964658,80.23819,23514516,2026,3,3,1,Yes,Apartment
548,Velachery,12.980722,80.225015,18190648,2171,3,2,25,Yes,Apartment
549,Mylapore,13.033598,80.273419,22346393,2071,5,4,24,Yes,Apartment
550,Porur,13.044029,80.149017,32168722,2006,1,1,20,Yes,Independent House
551,Tambaram,12.922063,80.092695,32441394,2346,3,3,23,Yes,Apartment
552,Anna Salai,13.054196,80.243333,35697918,2342,1,2,17,No,Independent House
553,Porur,13.031301,80.152413,27832254,1677,3,4,19,Yes,Apartment
554,OMR,12.917659,80.232395,26683951,2409,5,4,0,No,Independent House
555,Porur,13.044581,80.150297,31991290,1863,5,4,23,Yes,Independent House
556,Perungudi,12.95844,80.233625,55567500,3061,4,4,9,No,Villa
557,Perungudi,12.961707,80.233675,9961993,1081,1,1,5,Yes,Apartment
558,Sholinganallur,12.895414,80.232257,37144406,2703,4,4,19,No,Apartment
559,Adyar,13.01157,80.265309,15156534,877,2,3,14,Yes,Villa
560,Pallikaranai,12.943689,80.205259,26578628,3076,3,2,8,Yes,Independent House
561,Tambaram,12.918689,80.100524,15333732,964,5,4,23,Yes,Independent House
562,Tambaram,12.930226,80.101531,27261336,2837,5,4,23,No,Independent House
563,Perungudi,12.962094,80.244851,15253104,976,4,4,5,Yes,Independent House
564,Medavakkam,12.928184,80.191212,29913715,1993,5,4,10,No,Villa
565,Mylapore,13.042123,80.264782,47238840,2856,3,3,17,Yes,Villa
566,Chromepet,12.941926,80.138902,11218000,550,4,4,23,Yes,Villa
567,Anna Salai,13.06583,80.258467,14591900,1780,3,2,7,Yes,Villa
568,Pallikaranai,12.929768,80.211042,10445352,936,3,3,1,No,Villa
569,Sholinganallur,12.898996,80.236258,27137254,1599,2,2,25,No,Apartment
570,Mylapore,13.03999,80.261607,42027440,2526,1,1,5,No,Independent House
571,Perungudi,12.958959,80.248043,37810980,2910,3,2,12,Yes,Apartment
572,T Nagar,13.042288,80.230086,36682881,3017,1,1,0,No,Apartment
573,Sholinganallur,12.904473,80.237847,21404989,2607,2,2,22,Yes,Apartment
574,Chromepet,12.944244,80.137851,16251075,1459,5,4,13,No,Villa
575,Sholinganallur,12.906477,80.220508,23441750,1625,1,2,2,No,Independent House
576,Velachery,12.989042,80.221685,45550416,2548,4,4,12,Yes,Independent House
577,Tambaram,12.923371,80.096966,32336336,2311,1,1,10,Yes,Apartment
578,Porur,13.040664,80.155309,27112510,1798,3,2,5,No,Independent House
579,Anna Salai,13.055261,80.25202,17425333,2081,2,2,4,Yes,Apartment
580,Velachery,12.978524,80.217838,29613588,1956,3,2,22,Yes,Villa
581,Mylapore,13.036061,80.279546,23139592,1384,5,4,17,No,Independent House
582,Mylapore,13.024802,80.263714,29253230,2937,1,2,21,Yes,Villa
583,Mylapore,13.036807,80.27296,12752489,767,5,4,14,Yes,Apartment
584,Anna Salai,13.060571,80.253794,9812836,628,3,2,9,No,Apartment
585,Anna Salai,13.060413,80.24876,32222710,2995,3,4,17,Yes,Apartment
586,Anna Salai,13.058268,80.24274,23987201,1563,1,1,16,No,Villa
587,Porur,13.044438,80.159016,37324090,3110,3,3,9,Yes,Independent House
588,Anna Salai,13.068344,80.252739,37566977,2823,4,3,8,Yes,Apartment
589,Anna Nagar,13.093195,80.206686,29374562,2259,4,4,7,Yes,Villa
590,Medavakkam,12.926671,80.200573,14473254,1117,2,2,18,Yes,Apartment
591,Anna Salai,13.061547,80.258572,10278984,1144,2,3,20,Yes,Villa
592,Anna Nagar,13.094224,80.206167,16795318,1146,2,2,23,Yes,Villa
593,Mylapore,13.038849,80.27194,11298851,1319,3,3,3,Yes,Apartment
594,OMR,12.907185,80.233763,24721584,2992,5,4,7,Yes,Independent House
595,Chromepet,12.94435,80.140065,31721803,2081,2,3,5,No,Villa
596,Adyar,13.016465,80.262656,31788345,1655,4,3,13,Yes,Independent House
597,Anna Nagar,13.083551,80.215624,34979311,3077,2,3,15,No,Villa
598,Sholinganallur,12.900032,80.23444,21023724,2164,4,4,19,Yes,Independent House
599,Adyar,13.015952,80.251297,13305720,710,2,3,17,No,Independent House
600,Chromepet,12.953863,80.137291,22347383,1721,4,4,14,Yes,Villa
601,Medavakkam,12.915163,80.198175,49585592,3196,2,3,14,Yes,Independent House
602,Anna Salai,13.053978,80.251406,18501280,2160,5,4,13,No,Villa
603,Mylapore,13.041743,80.27563,17198294,919,2,3,8,No,Independent House
604,Mylapore,13.025306,80.273846,13666082,1017,1,1,22,No,Independent House
605,Mylapore,13.041845,80.27101,23087699,2101,5,4,17,No,Apartment
606,Perungudi,12.95819,80.247073,14757674,1142,2,2,5,Yes,Villa
607,Chromepet,12.956908,80.136444,19233200,1031,3,3,4,Yes,Apartment
608,Chromepet,12.954789,80.145275,52606880,3040,4,3,15,Yes,Apartment
609,Chromepet,12.952751,80.152705,27348048,1552,1,1,17,No,Independent House
610,Adyar,13.013777,80.26084,8270275,775,2,2,20,No,Apartment
611,Pallikaranai,12.946875,80.206927,28861886,1906,5,4,2,Yes,Apartment
612,OMR,12.91537,80.226456,23087875,2415,5,4,23,No,Apartment
613,Anna Salai,13.053091,80.253492,35839900,2300,4,3,17,Yes,Villa
614,OMR,12.902186,80.234595,22957194,2698,3,4,6,Yes,Independent House
615,Perungudi,12.968956,80.236893,45463725,2531,5,4,23,No,Villa
616,Sholinganallur,12.900955,80.23406,21257512,1081,5,4,19,No,Independent House
617,Anna Salai,13.059698,80.255535,15354688,1739,5,4,6,Yes,Apartment
618,Mylapore,13.039721,80.263947,37326345,2245,2,3,1,No,Villa
619,Perungudi,12.962134,80.238178,19975048,1592,2,2,25,Yes,Villa
620,Adyar,13.00331,80.254259,20326744,1948,1,1,12,Yes,Apartment
621,Perungudi,12.964544,80.249541,8633775,695,4,4,20,Yes,Villa
622,Medavakkam,12.924199,80.196164,28224480,2245,3,4,23,Yes,Independent House
623,Medavakkam,12.932292,80.188209,13841852,1403,5,4,18,No,Villa
624,Adyar,13.004491,80.259404,54232068,3116,3,4,17,Yes,Independent House
625,Pallikaranai,12.944541,80.211132,11782097,679,3,3,8,No,Apartment
626,Pallikaranai,12.942699,80.219256,36953700,2700,3,3,9,Yes,Apartment
627,Anna Salai,13.054204,80.258073,25471928,2622,1,2,0,No,Independent House
628,Mylapore,13.027704,80.260431,19838860,1890,5,4,4,Yes,Independent House
629,T Nagar,13.049238,80.230366,11972576,566,5,4,9,Yes,Independent House
630,Anna Salai,13.06557,80.252377,44651084,2682,1,1,24,No,Apartment
631,Tambaram,12.930356,80.103422,17861064,1338,3,3,9,No,Independent House
632,OMR,12.910281,80.224132,28000560,1670,2,2,3,Yes,Independent House
633,Porur,13.031625,80.152728,20778260,1660,5,4,4,No,Independent House
634,Anna Salai,13.052519,80.240676,7424282,757,3,4,4,Yes,Villa
635,T Nagar,13.038049,80.240049,40362566,2991,4,4,18,No,Independent House
636,Mylapore,13.025545,80.265908,38549104,2457,5,4,18,Yes,Apartment
637,Perungudi,12.970257,80.239542,18829273,1499,4,4,7,Yes,Independent House
638,Mylapore,13.025858,80.269273,37077522,2406,3,3,15,Yes,Apartment
639,Pallikaranai,12.935114,80.217985,18172222,1977,2,2,19,Yes,Independent House
640,Anna Nagar,13.083269,80.212517,31298225,1787,3,2,17,No,Villa
641,Medavakkam,12.921523,80.202204,36399204,2122,2,3,2,No,Apartment
642,Sholinganallur,12.907735,80.220186,22140006,1258,3,3,21,Yes,Independent House
643,Sholinganallur,12.910118,80.219292,36005858,2823,4,4,3,No,Apartment
644,Anna Nagar,13.091341,80.217845,22478415,1891,5,4,15,Yes,Apartment
645,Anna Salai,13.061959,80.243513,20335685,1161,1,1,14,No,Villa
646,Perungudi,12.971806,80.243355,37966400,2885,3,3,25,No,Villa
647,Sholinganallur,12.910358,80.217917,19643424,1072,5,4,9,Yes,Villa
648,Medavakkam,12.920785,80.188963,29920645,1705,3,2,0,Yes,Villa
649,T Nagar,13.041297,80.227465,24949212,2332,4,4,17,Yes,Independent House
650,T Nagar,13.033235,80.224014,9991390,1181,3,4,9,Yes,Apartment
651,Mylapore,13.040803,80.277572,17277178,1106,4,4,2,Yes,Independent House
652,Mylapore,13.034641,80.268701,45766696,3102,5,4,5,No,Independent House
653,Porur,13.045136,80.151235,35703529,2289,2,2,19,Yes,Independent House
654,Medavakkam,12.924263,80.196698,22736940,2787,3,4,18,No,Apartment
655,Anna Nagar,13.076565,80.217898,16066313,877,5,4,4,No,Villa
656,Anna Nagar,13.085784,80.211693,55457806,3133,2,3,23,Yes,Independent House
657,Sholinganallur,12.901253,80.227285,40074558,2741,1,1,24,Yes,Villa
658,Mylapore,13.024307,80.278157,20939280,1995,3,4,25,No,Villa
659,Mylapore,13.035057,80.272826,9325770,801,3,3,20,No,Independent House
660,OMR,12.901537,80.235675,28847892,1724,5,4,15,Yes,Apartment
661,OMR,12.912076,80.238203,15802879,1677,2,2,8,Yes,Independent House
662,Mylapore,13.033298,80.275687,23433616,2064,2,3,25,Yes,Villa
663,Pallikaranai,12.942407,80.208459,12819675,895,1,1,4,Yes,Villa
664,Chromepet,12.946888,80.152591,52094152,2916,2,2,23,No,Apartment
665,Adyar,13.001373,80.26117,35325492,2183,2,3,15,No,Villa
666,T Nagar,13.050344,80.232676,15420264,1144,4,4,16,No,Apartment
667,Perungudi,12.970361,80.248867,17617896,948,3,2,17,No,Villa
668,Porur,13.042886,80.158274,11934872,952,3,3,8,No,Villa
669,Tambaram,12.931534,80.090239,11679468,1286,5,4,10,Yes,Independent House
670,Anna Nagar,13.080038,80.200781,30159016,2376,5,4,11,Yes,Independent House
671,Sholinganallur,12.893436,80.237056,52565282,2983,1,1,21,Yes,Independent House
672,Anna Nagar,13.080067,80.209439,23427602,2089,5,4,21,Yes,Apartment
673,Anna Salai,13.065798,80.246068,30670034,1682,1,2,24,No,Independent House
674,Velachery,12.974265,80.227456,6927120,805,1,1,12,No,Villa
675,Velachery,12.978941,80.214077,47062300,2564,4,3,6,No,Apartment
676,Guindy,13.002466,80.211958,36448552,3064,4,4,20,Yes,Villa
677,Sholinganallur,12.891017,80.218657,12449366,626,3,4,15,Yes,Independent House
678,T Nagar,13.041363,80.231778,30074100,1900,3,3,12,Yes,Independent House
679,Mylapore,13.034306,80.279532,9672959,563,1,1,12,No,Apartment
680,Porur,13.045267,80.153301,13728984,776,3,4,20,Yes,Villa
681,Pallikaranai,12.93082,80.217618,26616325,1381,4,4,5,Yes,Villa
682,Anna Salai,13.053199,80.243462,26184368,2542,1,1,2,No,Independent House
683,Mylapore,13.029755,80.270379,47282173,2553,5,4,12,Yes,Independent House
684,Pallikaranai,12.93511,80.207934,7398401,701,4,3,10,Yes,Villa
685,Perungudi,12.966709,80.241478,23388188,2747,5,4,4,Yes,Apartment
686,Adyar,13.009353,80.265593,17165168,1544,4,3,22,Yes,Apartment
687,Pallikaranai,12.936943,80.219684,27580110,3053,1,2,5,Yes,Apartment
688,Tambaram,12.934417,80.101519,21106805,2295,1,1,10,No,Villa
689,Velachery,12.971515,80.214025,7413760,736,3,3,18,Yes,Villa
690,T Nagar,13.032614,80.225699,47562560,2816,2,2,5,No,Apartment
691,Pallikaranai,12.927144,80.222223,10996384,1196,5,4,0,No,Apartment
692,Mylapore,13.027723,80.272497,22964066,2254,5,4,22,No,Independent House
693,Medavakkam,12.927244,80.194841,17212021,1529,4,4,5,Yes,Independent House
694,Anna Nagar,13.094732,80.219636,21715125,2265,3,3,0,Yes,Apartment
695,Sholinganallur,12.894874,80.233832,20786919,2451,3,3,24,Yes,Villa
696,Perungudi,12.959284,80.235892,24342680,1272,4,4,5,Yes,Apartment
697,OMR,12.903161,80.220581,8683487,727,3,4,3,Yes,Independent House
698,Medavakkam,12.919419,80.186575,25461474,1513,1,1,23,No,Independent House
699,Perungudi,12.966755,80.249098,12394884,1001,3,3,10,Yes,Apartment
700,T Nagar,13.034699,80.242258,36055539,2479,2,1,18,No,Apartment
701,Chromepet,12.95424,80.155711,22166299,2079,2,3,4,No,Independent House
702,Tambaram,12.917122,80.099311,7789716,681,3,3,22,Yes,Villa
703,T Nagar,13.049912,80.235262,25677550,1450,2,2,9,Yes,Independent House
704,Medavakkam,12.92237,80.191855,38323312,2236,2,1,16,No,Apartment
705,Adyar,13.014536,80.259335,18656295,1565,4,4,10,No,Independent House
706,Velachery,12.969772,80.221822,37005121,2261,5,4,1,Yes,Villa
707,Chromepet,12.955463,80.144332,19069334,2578,1,2,7,Yes,Independent House
708,Tambaram,12.928281,80.093236,27168460,1761,2,2,7,Yes,Apartment
709,Chromepet,12.945299,80.153631,35415733,2413,5,4,14,Yes,Independent House
710,Perungudi,12.962618,80.237632,40844026,3119,4,3,2,No,Independent House
711,Guindy,13.010695,80.2287,8458138,881,3,3,19,No,Independent House
712,Porur,13.035511,80.150005,16742942,2118,1,1,11,No,Independent House
713,Medavakkam,12.925881,80.197348,10387760,1116,1,1,10,Yes,Independent House
714,Guindy,13.014005,80.216043,24963250,1473,5,4,10,No,Villa
715,Anna Nagar,13.088566,80.210757,39260742,2403,3,3,15,Yes,Villa
716,OMR,12.907814,80.223576,8800034,818,4,4,6,No,Apartment
717,Anna Nagar,13.0925,80.210514,16401200,1680,1,1,3,Yes,Villa
718,Perungudi,12.960403,80.246454,29106080,2256,1,1,21,Yes,Villa
719,Adyar,13.003418,80.259074,15672534,807,3,3,0,Yes,Independent House
720,Perungudi,12.963345,80.249666,37206360,2980,3,4,21,No,Villa
721,OMR,12.902967,80.225688,12491450,1478,2,2,15,No,Villa
722,Velachery,12.984989,80.214425,51628414,2742,5,4,9,Yes,Apartment
723,Anna Nagar,13.07869,80.21135,38401568,2903,1,1,4,No,Villa
724,Adyar,13.007373,80.24993,12660765,1155,3,3,11,No,Independent House
725,Adyar,13.016103,80.258423,10095150,1145,4,4,14,No,Apartment
726,Medavakkam,12.919674,80.184846,36979313,2491,3,3,9,Yes,Independent House
727,Chromepet,12.95395,80.140607,38605480,2806,1,1,3,No,Apartment
728,Porur,13.032643,80.165213,12609375,775,1,1,19,Yes,Independent House
729,OMR,12.919517,80.227888,8520452,892,2,1,17,No,Independent House
730,Chromepet,12.948993,80.143657,29904168,2028,3,2,12,Yes,Independent House
731,OMR,12.914831,80.228312,27357458,1811,3,3,14,Yes,Apartment
732,Chromepet,12.953559,80.139073,39493320,2286,3,3,23,No,Apartment
733,OMR,12.908189,80.238288,7828560,820,4,4,18,No,Apartment
734,T Nagar,13.048446,80.229489,29895172,2876,2,3,24,Yes,Apartment
735,Chromepet,12.94609,80.152024,43505571,2947,1,1,9,No,Independent House
736,Velachery,12.982418,80.216954,57700176,3173,3,3,20,No,Apartment
737,Velachery,12.981078,80.218435,7389938,666,4,4,3,No,Villa
738,Chromepet,12.949064,80.150859,16888154,1606,5,4,20,No,Independent House
739,Adyar,13.014266,80.25021,44169396,2932,3,3,1,Yes,Villa
740,Velachery,12.974933,80.223979,24338721,2029,1,1,13,No,Apartment
741,Anna Nagar,13.085874,80.217549,32902036,3122,5,4,5,Yes,Independent House
742,Pallikaranai,12.929739,80.209328,16167174,2034,3,3,3,No,Apartment
743,Guindy,13.010468,80.227131,20520676,1943,4,4,5,Yes,Apartment
744,Guindy,13.018868,80.22009,23169850,2259,5,4,14,Yes,Apartment
745,OMR,12.900575,80.236291,29798760,2360,3,3,19,No,Apartment
746,Tambaram,12.934522,80.098496,14498574,1478,2,2,9,Yes,Apartment
747,Guindy,13.004327,80.211156,5325392,627,1,1,24,No,Villa
748,Perungudi,12.958033,80.231905,22478035,2471,5,4,3,No,Apartment
749,Anna Nagar,13.075585,80.203011,38215604,2956,1,1,6,Yes,Independent House
750,Mylapore,13.024967,80.276092,34053264,1992,3,3,5,Yes,Independent House
751,Guindy,13.019872,80.212474,9931380,1334,1,1,9,Yes,Independent House
752,Tambaram,12.918517,80.097096,20462658,2051,5,4,22,Yes,Villa
753,T Nagar,13.034272,80.225906,34267744,2656,4,4,7,No,Apartment
754,Velachery,12.978974,80.218896,23408750,1730,4,4,17,Yes,Apartment
755,Chromepet,12.945376,80.137592,35678048,2368,5,4,7,No,Villa
756,Pallikaranai,12.934927,80.214153,13200332,1284,4,4,0,No,Independent House
757,Perungudi,12.971551,80.246529,19459475,1137,1,1,12,No,Independent House
758,Anna Salai,13.067281,80.247686,35147133,2039,2,1,6,No,Apartment
759,Tambaram,12.922022,80.103334,24911330,1690,4,4,24,No,Independent House
760,T Nagar,13.036814,80.233645,12378153,1153,4,4,24,No,Apartment
761,Perungudi,12.965562,80.251141,15509077,957,2,1,23,Yes,Apartment
762,T Nagar,13.046832,80.239051,23451425,1175,5,4,9,Yes,Apartment
763,Guindy,13.005633,80.217372,28753040,1752,4,4,21,No,Villa
764,Pallikaranai,12.933291,80.211227,12259946,679,5,4,13,Yes,Villa
765,Chromepet,12.95143,80.13889,12843786,1274,1,1,17,No,Independent House
766,Mylapore,13.037307,80.271144,18040854,998,4,4,18,No,Independent House
767,Chromepet,12.953421,80.143756,42150625,2625,5,4,1,No,Villa
768,Perungudi,12.954564,80.239028,15910018,1862,3,3,1,Yes,Independent House
769,Guindy,13.007303,80.217647,46083540,3110,5,4,10,No,Apartment
770,Porur,13.046408,80.14781,13623524,1564,1,1,7,No,Independent House
771,OMR,12.913155,80.228449,18615995,1245,1,1,0,No,Apartment
772,Medavakkam,12.932615,80.190155,6661412,633,4,4,22,No,Independent House
773,T Nagar,13.041855,80.238998,40101900,2550,3,2,3,Yes,Villa
774,Porur,13.045147,80.162243,36483618,2038,2,2,13,Yes,Villa
775,Pallikaranai,12.935041,80.208218,30815892,1727,5,4,8,Yes,Villa
776,Mylapore,13.039624,80.269205,48916720,2974,1,1,10,No,Apartment
777,Tambaram,12.925699,80.094002,33415820,1786,3,2,16,No,Villa
778,T Nagar,13.049054,80.235237,44655944,2792,3,4,5,Yes,Independent House
779,Tambaram,12.916098,80.094013,56601416,3162,4,4,17,No,Independent House
780,Chromepet,12.947973,80.152804,16998686,1166,2,2,23,No,Villa
781,Anna Nagar,13.079723,80.20487,28684550,1643,2,3,9,Yes,Villa
782,Velachery,12.980297,80.219923,24250360,1555,2,1,25,No,Villa
783,Perungudi,12.967793,80.237255,14002066,1202,1,1,8,Yes,Apartment
784,Medavakkam,12.919178,80.18856,22272500,2540,2,1,25,Yes,Apartment
785,Anna Nagar,13.086419,80.210105,10117527,919,4,4,12,Yes,Apartment
786,Anna Nagar,13.090464,80.206368,25754749,2583,5,4,2,Yes,Independent House
787,Pallikaranai,12.930503,80.223098,15765000,1516,5,4,13,Yes,Apartment
788,Chromepet,12.955592,80.138459,40943996,2964,4,4,1,No,Independent House
789,Medavakkam,12.927213,80.199027,25051374,1559,4,4,8,Yes,Villa
790,Adyar,13.004394,80.260279,14910515,773,5,4,22,Yes,Villa
791,Mylapore,13.041796,80.26756,21030720,2740,3,2,7,No,Villa
792,Anna Salai,13.067588,80.242805,11099874,919,3,3,24,Yes,Villa
793,Chromepet,12.956339,80.15473,11625984,688,3,4,8,Yes,Villa
794,Porur,13.035237,80.158542,11752922,1206,4,3,22,No,Independent House
795,Pallikaranai,12.939832,80.216303,44624248,2406,5,4,22,Yes,Apartment
796,Guindy,13.002045,80.213656,37006894,2191,2,1,6,No,Villa
797,Medavakkam,12.918114,80.196349,18069446,1858,2,3,14,No,Independent House
798,Pallikaranai,12.93487,80.211246,15102740,1363,3,3,2,No,Villa
799,Pallikaranai,12.930965,80.217725,11741184,634,5,4,0,Yes,Apartment
800,Velachery,12.988261,80.214602,26562179,3081,1,2,13,No,Apartment
801,Sholinganallur,12.89337,80.232171,41304488,2703,1,1,13,No,Independent House
802,Tambaram,12.926902,80.109904,28230990,2574,3,3,12,Yes,Villa
803,OMR,12.919523,80.22471,16139152,1288,2,3,13,Yes,Apartment
804,Chromepet,12.950978,80.153629,22055353,2937,2,2,21,No,Apartment
805,Mylapore,13.028725,80.261606,37582080,2120,4,4,22,No,Independent House
806,Adyar,13.016044,80.259465,27682890,1511,1,1,15,No,Independent House
807,Mylapore,13.037025,80.262345,21884008,1588,1,1,16,No,Villa
808,Anna Salai,13.060257,80.246384,47145531,2927,5,4,5,No,Apartment
809,Chromepet,12.943937,80.137083,21830834,1849,2,1,22,No,Apartment
810,Velachery,12.985692,80.229734,36527092,2026,4,4,13,No,Villa
811,Medavakkam,12.929961,80.195748,21227400,1225,3,4,10,No,Apartment
812,Guindy,13.001117,80.215704,15230000,1323,4,3,4,Yes,Apartment
813,Mylapore,13.043376,80.270917,15162025,1025,4,4,15,Yes,Villa
814,Chromepet,12.958963,80.139813,13949572,1156,4,3,3,No,Apartment
815,Velachery,12.97962,80.222616,22690419,2857,5,4,21,Yes,Independent House
816,T Nagar,13.037486,80.243327,19730750,2590,1,1,21,Yes,Villa
817,Anna Nagar,13.076621,80.216714,24179864,2968,4,4,3,No,Apartment
818,Perungudi,12.965123,80.250718,26103314,3123,4,4,8,Yes,Villa
819,Porur,13.043076,80.157443,13691235,1415,5,4,1,No,Villa
820,Sholinganallur,12.892784,80.234947,31546905,2183,4,3,8,Yes,Apartment
821,Velachery,12.978917,80.219847,22416847,1717,4,4,20,Yes,Apartment
822,Guindy,13.004397,80.219409,32605980,2020,3,3,21,Yes,Villa
823,T Nagar,13.04802,80.235977,41761232,2856,4,4,19,No,Apartment
824,T Nagar,13.044752,80.237973,9631195,715,4,3,16,No,Villa
825,Anna Salai,13.056408,80.259284,27795500,1740,4,3,14,No,Apartment
826,Perungudi,12.96302,80.250046,22446452,2692,3,3,13,No,Independent House
827,Medavakkam,12.929156,80.189709,37057433,2241,1,2,3,No,Independent House
828,Sholinganallur,12.907858,80.218805,10644760,1016,1,1,23,No,Apartment
829,T Nagar,13.044276,80.229001,43966305,2955,3,3,23,No,Independent House
830,Anna Salai,13.059076,80.239958,12434536,1308,2,2,2,No,Independent House
831,T Nagar,13.049176,80.243016,17587161,1253,1,1,20,No,Villa
832,Sholinganallur,12.907093,80.219653,43531093,3083,4,4,19,No,Independent House
833,Velachery,12.978722,80.214103,11011424,1008,1,1,0,Yes,Apartment
834,Tambaram,12.923338,80.092329,15318030,902,4,4,9,No,Apartment
835,Anna Salai,13.055253,80.245497,43067168,2536,2,3,15,Yes,Villa
836,Pallikaranai,12.94659,80.220672,28979858,1917,4,3,0,Yes,Independent House
837,Mylapore,13.035421,80.27193,13302410,701,5,4,15,No,Villa
838,Perungudi,12.958317,80.23297,15121514,798,4,4,16,Yes,Villa
839,Anna Salai,13.050816,80.24536,16543116,1028,4,4,15,No,Villa
840,Tambaram,12.933335,80.107069,31431264,2344,4,4,7,Yes,Independent House
841,Mylapore,13.038292,80.275619,32975190,1751,4,4,23,No,Villa
842,Guindy,13.002982,80.21449,26438166,1706,2,2,22,Yes,Independent House
843,Sholinganallur,12.902137,80.237885,25501043,2253,4,3,15,No,Apartment
844,Porur,13.036812,80.158851,16527067,1199,3,3,5,Yes,Apartment
845,Anna Nagar,13.090402,80.21124,22236088,2542,5,4,8,No,Villa
846,Anna Salai,13.066033,80.251793,7602904,756,2,1,14,No,Apartment
847,Pallikaranai,12.944417,80.22192,23969618,2627,1,1,3,Yes,Independent House
848,Velachery,12.976375,80.227583,47649822,2622,3,4,15,Yes,Apartment
849,Anna Nagar,13.081826,80.2102,34239520,2252,2,3,24,Yes,Apartment
850,Anna Nagar,13.083434,80.204664,36757573,2249,3,3,11,Yes,Apartment
851,Guindy,13.003312,80.210699,33722726,2226,4,4,14,No,Apartment
852,Guindy,13.009081,80.218365,11193724,897,5,4,10,No,Villa
853,Adyar,13.014416,80.261516,43619282,3137,2,1,22,No,Villa
854,Pallikaranai,12.945409,80.217706,34803000,1959,3,3,0,No,Independent House
855,Chromepet,12.943286,80.146949,24450160,1964,2,3,25,No,Apartment
856,T Nagar,13.046941,80.226901,18929350,1425,2,2,2,No,Independent House
857,Adyar,13.016439,80.249709,23918188,1538,5,4,24,No,Independent House
858,Adyar,13.011831,80.266327,25764276,3118,3,3,16,No,Apartment
859,Chromepet,12.952912,80.154087,41266368,2406,3,2,10,Yes,Independent House
860,Perungudi,12.965449,80.245987,35005856,1984,5,4,9,No,Independent House
861,Medavakkam,12.91486,80.196833,28326156,1892,2,1,16,Yes,Villa
862,Pallikaranai,12.931296,80.205261,15721454,927,4,3,1,No,Apartment
863,Perungudi,12.961977,80.240168,51539507,2959,5,4,17,No,Villa
864,Chromepet,12.944188,80.15029,19645283,1217,4,4,4,Yes,Villa
865,Pallikaranai,12.945881,80.211087,16087980,1420,5,4,14,No,Apartment
866,Anna Nagar,13.075806,80.203166,14255744,1001,5,4,3,No,Independent House
867,Porur,13.031043,80.158292,18237280,1792,3,3,9,No,Apartment
868,Adyar,13.007651,80.248851,14402732,1433,3,3,5,No,Apartment
869,Adyar,13.006205,80.261901,40185357,2897,4,4,9,No,Villa
870,Sholinganallur,12.899981,80.235227,47925427,2617,2,2,20,No,Villa
871,Porur,13.029116,80.159909,34383368,2136,1,2,7,No,Villa
872,Chromepet,12.957523,80.150348,22772644,1228,3,2,22,Yes,Independent House
873,Medavakkam,12.916688,80.192117,21303224,1338,1,1,19,Yes,Independent House
874,Anna Salai,13.055306,80.253712,28792088,2728,1,1,5,Yes,Villa
875,Anna Salai,13.0513,80.256839,17416608,896,5,4,25,No,Villa
876,Adyar,13.00434,80.249321,17224511,1289,3,4,13,Yes,Independent House
877,Anna Nagar,13.078085,80.219143,17048024,1718,5,4,4,Yes,Villa
878,Perungudi,12.95796,80.233675,25399228,3066,2,1,10,Yes,Apartment
879,Velachery,12.973892,80.22314,18570708,1606,4,4,12,Yes,Apartment
880,Tambaram,12.925962,80.091309,16921915,1021,4,4,8,Yes,Villa
881,Adyar,13.009731,80.250011,12071088,626,4,4,8,Yes,Apartment
882,Sholinganallur,12.901809,80.221264,13712588,893,4,4,20,Yes,Apartment
883,Tambaram,12.934122,80.102415,43749676,2823,5,4,14,Yes,Apartment
884,Perungudi,12.96879,80.239303,9843560,796,2,1,15,No,Independent House
885,Porur,13.036106,80.14896,7233184,736,2,2,5,Yes,Villa
886,Velachery,12.981803,80.230793,31749547,2319,5,4,6,No,Independent House
887,Mylapore,13.032796,80.27169,18270650,1557,4,4,21,No,Villa
888,Adyar,13.004963,80.265405,30952249,3043,2,1,15,Yes,Apartment
889,Mylapore,13.041451,80.276021,22674278,2754,4,4,2,Yes,Independent House
890,Chromepet,12.958383,80.152437,21207173,2091,1,1,19,No,Villa
891,Adyar,13.011563,80.262668,22470143,2067,1,2,6,No,Apartment
892,Perungudi,12.956685,80.241576,11251914,918,3,3,19,No,Independent House
893,Porur,13.047885,80.159269,26724416,2568,1,1,22,Yes,Apartment
894,Anna Nagar,13.088444,80.212159,21802464,1248,3,4,17,Yes,Independent House
895,Velachery,12.98672,80.225778,9258944,816,1,1,4,No,Independent House
896,OMR,12.917662,80.220039,45192832,2732,2,1,19,No,Independent House
897,T Nagar,13.041132,80.230929,36454611,2321,1,1,13,No,Apartment
898,Guindy,13.006725,80.218337,11150668,742,1,1,8,No,Independent House
899,Porur,13.032138,80.153084,16854030,1474,1,1,22,No,Apartment
900,Anna Nagar,13.093701,80.21691,43911415,2515,1,1,13,Yes,Independent House
901,Tambaram,12.930782,80.108871,24174364,1526,1,2,10,Yes,Villa
902,Guindy,13.002111,80.211714,11011345,941,5,4,20,No,Independent House
903,Adyar,12.997796,80.259715,13619840,816,4,4,25,Yes,Apartment
904,T Nagar,13.039834,80.236046,10807722,778,1,1,17,Yes,Villa
905,T Nagar,13.044185,80.230492,42306527,2407,2,1,12,No,Villa
906,Perungudi,12.952246,80.245966,23663576,2668,1,2,10,Yes,Apartment
907,Sholinganallur,12.900628,80.230317,44914520,3160,2,2,16,No,Villa
908,Velachery,12.977817,80.230395,13100480,730,2,2,1,Yes,Villa
909,Guindy,13.006573,80.217358,44694480,2940,3,3,17,Yes,Apartment
910,Porur,13.032108,80.150507,10404272,784,1,1,7,Yes,Villa
911,Anna Salai,13.062395,80.246223,29551836,1948,2,1,6,No,Independent House
912,Sholinganallur,12.893097,80.235422,32179034,3073,5,4,9,No,Villa
913,Anna Salai,13.059731,80.243863,16097856,1448,1,2,0,Yes,Independent House
914,Chromepet,12.941798,80.143358,19492160,1390,3,4,12,Yes,Apartment
915,Medavakkam,12.931154,80.189798,29375300,1740,1,1,14,Yes,Independent House
916,Adyar,13.003496,80.25859,17881615,1713,2,2,5,Yes,Villa
917,Velachery,12.976678,80.226948,12754208,1271,2,1,8,Yes,Apartment
918,Anna Nagar,13.088218,80.218923,25066900,1799,3,3,14,Yes,Villa
919,Guindy,13.004234,80.218064,10757419,817,5,4,3,Yes,Apartment
920,Porur,13.031982,80.157209,53942410,3155,3,4,7,Yes,Independent House
921,Guindy,13.019768,80.228217,24940774,1562,2,2,1,No,Apartment
922,Tambaram,12.929926,80.102901,41482344,3068,1,2,2,Yes,Independent House
923,Medavakkam,12.92341,80.192266,36609375,2675,3,4,14,Yes,Villa
924,Chromepet,12.959498,80.145242,33046280,2930,4,4,12,Yes,Apartment
925,Tambaram,12.93361,80.097482,19263725,1803,4,4,13,No,Independent House
926,Medavakkam,12.917504,80.183423,11907440,894,1,1,9,No,Independent House
927,Medavakkam,12.92025,80.192551,33941500,2295,5,4,14,No,Villa
928,OMR,12.901518,80.23803,24581305,1285,4,3,14,Yes,Villa
929,OMR,12.907205,80.230921,16238576,1682,5,4,7,Yes,Apartment
930,Porur,13.04816,80.166468,27594304,1574,2,2,9,No,Apartment
931,Guindy,13.016063,80.218576,9904536,584,5,4,24,No,Villa
932,T Nagar,13.036339,80.238683,29137624,2483,5,4,20,Yes,Villa
933,Chromepet,12.950176,80.155039,25577803,2439,2,3,10,Yes,Villa
934,T Nagar,13.04335,80.226267,23197468,2393,2,3,17,Yes,Villa
935,Mylapore,13.037315,80.267767,28475948,2002,1,2,10,Yes,Villa
936,Guindy,13.018843,80.213574,16688395,1885,5,4,18,Yes,Independent House
937,Porur,13.035929,80.155996,35763027,2111,5,4,6,No,Apartment
938,Porur,13.041698,80.150053,30081403,3167,5,4,9,Yes,Apartment
939,Pallikaranai,12.932676,80.208361,11279198,659,5,4,5,Yes,Apartment
940,Perungudi,12.955437,80.248894,19818160,2412,5,4,1,No,Independent House
941,T Nagar,13.03958,80.241772,10150378,1003,4,4,4,No,Villa
942,Tambaram,12.926402,80.096206,31707838,1818,2,2,13,No,Apartment
943,Tambaram,12.916179,80.097985,26498756,1678,5,4,6,Yes,Apartment
944,Guindy,13.001182,80.212322,48360759,2881,2,2,15,No,Villa
945,Perungudi,12.955592,80.244055,21591208,1768,4,4,12,Yes,Villa
946,T Nagar,13.036594,80.241111,12037215,1301,4,4,22,Yes,Villa
947,OMR,12.919848,80.231056,13806374,823,5,4,22,Yes,Villa
948,Porur,13.031497,80.150647,38139008,2616,1,1,24,No,Villa
949,Adyar,13.011619,80.264615,12722870,849,4,3,20,No,Villa
950,T Nagar,13.046774,80.233395,28839632,1576,1,1,3,Yes,Villa
951,Anna Nagar,13.078412,80.200461,23083906,2342,1,1,4,No,Villa
952,Anna Nagar,13.088428,80.200324,9750718,1058,2,2,17,No,Apartment
953,OMR,12.917854,80.230646,16249024,2016,2,3,5,Yes,Independent House
954,Chromepet,12.953564,80.137173,17386842,2149,1,1,22,No,Villa
955,T Nagar,13.040234,80.243486,16134008,2084,2,2,7,Yes,Apartment
956,Porur,13.02908,80.15675,15146408,1453,2,1,3,Yes,Independent House
957,Pallikaranai,12.945687,80.211601,31140836,2852,3,3,20,Yes,Independent House
958,T Nagar,13.0321,80.23678,14527700,1425,1,1,3,No,Villa
959,Adyar,13.009699,80.25488,30084098,2429,4,4,7,Yes,Independent House
960,Anna Nagar,13.090825,80.218544,29174440,1785,2,3,24,No,Apartment
961,Sholinganallur,12.904558,80.237347,13537308,938,2,2,19,No,Independent House
962,Mylapore,13.02495,80.260053,19891932,1268,2,2,20,No,Independent House
963,Anna Salai,13.064493,80.239866,37678500,2116,5,4,16,Yes,Independent House
964,Adyar,12.998288,80.250251,33634510,1815,5,4,7,No,Apartment
965,Chromepet,12.946361,80.150706,10424191,1171,3,3,12,Yes,Independent House
966,Chromepet,12.954561,80.141969,24803133,1689,3,3,10,Yes,Independent House
967,Adyar,13.014833,80.2608,16399405,1953,2,2,7,Yes,Independent House
968,Tambaram,12.915021,80.107397,47498830,2685,2,3,10,Yes,Villa
969,Anna Nagar,13.078474,80.211077,27767444,3148,2,1,4,Yes,Apartment
970,Guindy,13.006629,80.224933,39505456,2628,2,2,2,No,Independent House
971,Tambaram,12.923865,80.102712,51841764,3031,4,4,7,No,Villa
972,OMR,12.908828,80.230106,31747664,2022,4,3,12,No,Apartment
973,Mylapore,13.038777,80.278131,23108212,2524,4,4,0,No,Villa
974,Sholinganallur,12.900273,80.226972,39737662,2814,5,4,23,Yes,Villa
975,T Nagar,13.035714,80.242023,14896672,844,5,4,10,Yes,Independent House
976,Adyar,13.004381,80.253656,34095506,2562,1,1,12,No,Villa
977,Sholinganallur,12.894885,80.226626,7348940,709,1,2,3,No,Independent House
978,OMR,12.913018,80.23853,26526750,3150,3,4,22,No,Independent House
979,Mylapore,13.037549,80.272607,19699772,2506,2,2,1,No,Independent House
980,OMR,12.919036,80.23683,21495675,1153,5,4,8,Yes,Independent House
981,Adyar,13.016183,80.249107,53446967,3189,1,1,22,No,Villa
982,Anna Salai,13.060413,80.250264,15687779,1229,2,3,13,No,Independent House
983,Anna Salai,13.061852,80.255551,40940405,2235,4,4,24,Yes,Apartment
984,Pallikaranai,12.927128,80.207068,17962176,1408,2,2,23,No,Independent House
985,Chromepet,12.95469,80.150861,12061044,836,1,1,24,No,Independent House
986,Velachery,12.97274,80.23017,20655610,1313,2,2,22,Yes,Apartment
987,Chromepet,12.957784,80.140038,15590830,1310,5,4,6,Yes,Independent House
988,Anna Salai,13.051996,80.241314,32300357,3117,4,4,19,Yes,Independent House
989,Anna Nagar,13.088456,80.202116,30665499,1951,3,2,0,Yes,Villa
990,Adyar,13.007147,80.247645,32194230,2935,3,2,25,Yes,Apartment
991,Sholinganallur,12.897731,80.231537,38151440,2540,5,4,15,No,Independent House
992,Porur,13.029345,80.153621,36007203,2029,3,3,21,No,Villa
993,Porur,13.028714,80.148958,22954775,2421,1,1,22,No,Independent House
994,Medavakkam,12.926105,80.182663,29848312,2059,3,3,14,No,Independent House
995,Perungudi,12.965559,80.236371,40287285,3145,3,2,11,Yes,Independent House
996,Chromepet,12.956286,80.142077,19082520,1976,4,3,13,No,Independent House
997,Tambaram,12.934644,80.099336,18157270,1073,2,1,15,Yes,Villa
998,Anna Salai,13.053809,80.258484,28418708,2524,4,3,21,Yes,Apartment
999,Mylapore,13.041653,80.275026,29285519,2331,1,1,22,Yes,Apartment
1000,Tambaram,12.929408,80.091809,19818520,1054,3,4,21,Yes,Independent House
